{"selected_features": [0, 1, 2, 3, 4, 5, 6, 7, 8, 9], "eliminated_features_names": ["CC_0_num_0"], "loss_graph": {"main_indices": [0, 2, 4, 5], "removed_features_count": [0, 1, 2, 3, 4, 5, 6], "loss_values": [0.04074485147775203, 0.04006072674262796, 0.04017454507499628, 0.04060133174690773, 0.0407634140816227, 0.040383994069380605, 0.04039294461453706]}, "eliminated_features": [10], "selected_features_names": ["num_0", "num_1", "num_2", "num_3", "num_4", "num_5", "num_c0_num_0", "num_c1_num_1", "CN_0_num_0", "CN_1_num_1"]}