{"selected_features": [0, 1, 2, 3, 4, 5, 6, 7, 8, 9, 10], "eliminated_features_names": [], "loss_graph": {"main_indices": [0, 2, 4, 5], "removed_features_count": [0, 1, 2, 3, 4, 5, 6], "loss_values": [0.042581531841316564, 0.04300461125060388, 0.04292228797527912, 0.04295873268921599, 0.04305697687862006, 0.043266739258661785, 0.045862933645388584]}, "eliminated_features": [], "selected_features_names": ["num_0", "num_1", "num_2", "num_3", "num_4", "num_5", "num_c0_num_0", "num_c1_num_1", "CN_0_num_0", "CN_1_num_1", "CC_0_num_0"]}