{"1": {"feature_idx": [9], "cv_scores": [0.6898448893574125, 0.6918452947592326, 0.6869830598442757], "avg_score": 0.6895577479869736, "feature_names": ["KPIs_met >80%"]}, "2": {"feature_idx": [9, 11], "cv_scores": [0.7894957754424734, 0.7851503732220827, 0.7871037154243338], "avg_score": 0.7872499546962967, "feature_names": ["KPIs_met >80%", "avg_training_score"]}, "3": {"feature_idx": [0, 9, 11], "cv_scores": [0.8820851352851988, 0.8794091948803919, 0.8802646893563911], "avg_score": 0.8805863398406606, "feature_names": ["department", "KPIs_met >80%", "avg_training_score"]}, "4": {"feature_idx": [0, 9, 10, 11], "cv_scores": [0.8768451966594818, 0.8815054880081189, 0.8807246510228558], "avg_score": 0.8796917785634855, "feature_names": ["department", "KPIs_met >80%", "awards_won?", "avg_training_score"]}, "5": {"feature_idx": [0, 3, 9, 10, 11], "cv_scores": [0.8670647853668845, 0.8709211207752473, 0.8722876239529687], "avg_score": 0.8700911766983669, "feature_names": ["department", "gender", "KPIs_met >80%", "awards_won?", "avg_training_score"]}, "6": {"feature_idx": [0, 3, 5, 9, 10, 11], "cv_scores": [0.8534686490367356, 0.8502564349258163, 0.8527354750708198], "avg_score": 0.8521535196777906, "feature_names": ["department", "gender", "no_of_trainings", "KPIs_met >80%", "awards_won?", "avg_training_score"]}, "7": {"feature_idx": [0, 2, 3, 5, 9, 10, 11], "cv_scores": [0.8240504550623786, 0.8251333721559976, 0.8401761547627672], "avg_score": 0.8297866606603811, "feature_names": ["department", "education", "gender", "no_of_trainings", "KPIs_met >80%", "awards_won?", "avg_training_score"]}, "8": {"feature_idx": [0, 2, 3, 4, 5, 9, 10, 11], "cv_scores": [0.7896455621305416, 0.7914363109117064, 0.8117573569640923], "avg_score": 0.7976130766687802, "feature_names": ["department", "education", "gender", "recruitment_channel", "no_of_trainings", "KPIs_met >80%", "awards_won?", "avg_training_score"]}, "9": {"feature_idx": [0, 2, 3, 4, 5, 7, 9, 10, 11], "cv_scores": [0.744889603500352, 0.73565451412682, 0.7484621479792604], "avg_score": 0.7430020885354774, "feature_names": ["department", "education", "gender", "recruitment_channel", "no_of_trainings", "previous_year_rating", "KPIs_met >80%", "awards_won?", "avg_training_score"]}, "10": {"feature_idx": [0, 2, 3, 4, 5, 7, 8, 9, 10, 11], "cv_scores": [0.6936123389009659, 0.6794141207750936, 0.6729836363393058], "avg_score": 0.6820033653384551, "feature_names": ["department", "education", "gender", "recruitment_channel", "no_of_trainings", "previous_year_rating", "length_of_service", "KPIs_met >80%", "awards_won?", "avg_training_score"]}, "11": {"feature_idx": [0, 2, 3, 4, 5, 6, 7, 8, 9, 10, 11], "cv_scores": [0.6385410741976077, 0.6730875184980613, 0.6688267349416437], "avg_score": 0.6601517758791042, "feature_names": ["department", "education", "gender", "recruitment_channel", "no_of_trainings", "age", "previous_year_rating", "length_of_service", "KPIs_met >80%", "awards_won?", "avg_training_score"]}, "12": {"feature_idx": [0, 1, 2, 3, 4, 5, 6, 7, 8, 9, 10, 11], "cv_scores": [0.6516753345947381, 0.6510390830714264, 0.6709928980980433], "avg_score": 0.6579024385880693, "feature_names": ["department", "region", "education", "gender", "recruitment_channel", "no_of_trainings", "age", "previous_year_rating", "length_of_service", "KPIs_met >80%", "awards_won?", "avg_training_score"]}}