{"1": {"feature_idx": [10], "cv_scores": [0.6702651872281692, 0.6711381754609076, 0.6711410402474437], "avg_score": 0.6708481343121734, "feature_names": ["avg_training_score"]}, "2": {"feature_idx": [0, 10], "cv_scores": [0.7248098049354743, 0.7185518154133052, 0.7209819042393764], "avg_score": 0.7214478415293852, "feature_names": ["department", "avg_training_score"]}, "3": {"feature_idx": [0, 7, 10], "cv_scores": [0.767226757243362, 0.7650109815535434, 0.7594579293215248], "avg_score": 0.7638985560394768, "feature_names": ["department", "previous_year_rating", "avg_training_score"]}, "4": {"feature_idx": [0, 3, 7, 10], "cv_scores": [0.7585133477991912, 0.7608887075421331, 0.743299148931523], "avg_score": 0.7542337347576158, "feature_names": ["department", "gender", "previous_year_rating", "avg_training_score"]}, "5": {"feature_idx": [0, 3, 7, 9, 10], "cv_scores": [0.7460551750252932, 0.7423319085538604, 0.7322385541972237], "avg_score": 0.7402085459254591, "feature_names": ["department", "gender", "previous_year_rating", "awards_won?", "avg_training_score"]}, "6": {"feature_idx": [0, 3, 5, 7, 9, 10], "cv_scores": [0.7378665669191015, 0.7276564531066361, 0.7156112946881705], "avg_score": 0.7270447715713028, "feature_names": ["department", "gender", "no_of_trainings", "previous_year_rating", "awards_won?", "avg_training_score"]}, "7": {"feature_idx": [0, 2, 3, 5, 7, 9, 10], "cv_scores": [0.7157218999327257, 0.7147856978166252, 0.7081956120852924], "avg_score": 0.7129010699448811, "feature_names": ["department", "education", "gender", "no_of_trainings", "previous_year_rating", "awards_won?", "avg_training_score"]}, "8": {"feature_idx": [0, 2, 3, 4, 5, 7, 9, 10], "cv_scores": [0.6831747579803948, 0.6770563437756149, 0.6884561176997357], "avg_score": 0.6828957398185818, "feature_names": ["department", "education", "gender", "recruitment_channel", "no_of_trainings", "previous_year_rating", "awards_won?", "avg_training_score"]}, "9": {"feature_idx": [0, 2, 3, 4, 5, 7, 8, 9, 10], "cv_scores": [0.6627970202158006, 0.6558986839209107, 0.6627092236282364], "avg_score": 0.6604683092549825, "feature_names": ["department", "education", "gender", "recruitment_channel", "no_of_trainings", "previous_year_rating", "length_of_service", "awards_won?", "avg_training_score"]}, "10": {"feature_idx": [0, 2, 3, 4, 5, 6, 7, 8, 9, 10], "cv_scores": [0.6430668392767112, 0.6530278986371614, 0.6268113526145388], "avg_score": 0.6409686968428038, "feature_names": ["department", "education", "gender", "recruitment_channel", "no_of_trainings", "age", "previous_year_rating", "length_of_service", "awards_won?", "avg_training_score"]}, "11": {"feature_idx": [0, 1, 2, 3, 4, 5, 6, 7, 8, 9, 10], "cv_scores": [0.6411870749795516, 0.6293650310235233, 0.6230490226886479], "avg_score": 0.6312003762305743, "feature_names": ["department", "region", "education", "gender", "recruitment_channel", "no_of_trainings", "age", "previous_year_rating", "length_of_service", "awards_won?", "avg_training_score"]}}