{"num_0 x num_c0_num_0": {"Correlation Type": "numerical x numerical", "spearman": {"correlation": 0.9996753901861544, "p-value": 0.0, "correlated?": true}, "pearson": {"correlation": 0.9997597612105206, "p-value": 0.0, "correlated?": true}, "kendall": {"correlation": 0.9851981771701679, "p-value": 0.0, "correlated?": true}, "Correlation threshold used": 0.8, "P-Value threshold used": 0.01, "Exact Matches": "0.0%", "Final Correlation": true}, "num_0 x CN_0_num_0": {"Correlation Type": "numerical x categorical", "Model Metrics": {"precision": 0.9390431872868645, "recall": 0.9166065542867073, "f1": 0.9273329952270064, "auc": 0.9492795862856611, "accuracy": 0.9577777777777777}, "Metric threshold used": 0.9, "Metrics used": "['f1']", "Final Correlation": true}, "num_1 x num_c1_num_1": {"Correlation Type": "numerical x numerical", "spearman": {"correlation": 0.999818912868768, "p-value": 0.0, "correlated?": true}, "pearson": {"correlation": 0.9998418004390127, "p-value": 0.0, "correlated?": true}, "kendall": {"correlation": 0.9888496165388463, "p-value": 0.0, "correlated?": true}, "Correlation threshold used": 0.8, "P-Value threshold used": 0.01, "Exact Matches": "0.0%", "Final Correlation": true}, "num_1 x CN_1_num_1": {"Correlation Type": "numerical x categorical", "Model Metrics": {"precision": 0.8901472472787961, "recall": 0.9182315949520383, "f1": 0.9030630246432361, "auc": 0.9553143997815823, "accuracy": 0.9711111111111111}, "Metric threshold used": 0.9, "Metrics used": "['f1']", "Final Correlation": true}, "num_1 x CC_1_num_1": {"Correlation Type": "numerical x categorical", "Model Metrics": {"precision": 0.9389101613965745, "recall": 0.9372035692679975, "f1": 0.9377419833148879, "auc": 0.9649211710562328, "accuracy": 0.9822222222222222}, "Metric threshold used": 0.9, "Metrics used": "['f1']", "Final Correlation": true}, "num_c1_num_1 x CN_1_num_1": {"Correlation Type": "numerical x categorical", "Model Metrics": {"precision": 0.9303192821056129, "recall": 0.9036497188068788, "f1": 0.9159815511755305, "auc": 0.945459483501709, "accuracy": 0.9588888888888889}, "Metric threshold used": 0.9, "Metrics used": "['f1']", "Final Correlation": true}, "num_c1_num_1 x CC_1_num_1": {"Correlation Type": "numerical x categorical", "Model Metrics": {"precision": 0.9518407722202091, "recall": 0.948832425892317, "f1": 0.9503132182368355, "auc": 0.9700431078732401, "accuracy": 0.9788888888888889}, "Metric threshold used": 0.9, "Metrics used": "['f1']", "Final Correlation": true}}