{"num_0 x num_c0_num_0": {"Correlation Type": "numerical x numerical", "kendall": {"correlation": 0.9851981771701679, "p-value": 0.0, "correlated?": true}, "Correlation threshold used": 0.8, "P-Value threshold used": 0.01, "Exact Matches": "0.0%", "Final Correlation": true}, "num_0 x CN_0_num_0": {"Correlation Type": "numerical x categorical", "Jensen-Shannon Distance": {"jensen val0_1 x val0_2": 0.9752599874257479, "jensen val0_1 x val0_3": 0.9308744294656628, "jensen val0_1 x val0_0": 0.9094893510593968, "jensen val0_2 x val0_3": 0.9655643222237329, "jensen val0_2 x val0_0": 0.9581523012900924, "jensen val0_3 x val0_0": 0.9663876399222759}, "Number of bins used": 200, "Jensen-Shannon Distance threshold used": 0.9, "Final Correlation": true}, "num_1 x num_c1_num_1": {"Correlation Type": "numerical x numerical", "kendall": {"correlation": 0.9888496165388463, "p-value": 0.0, "correlated?": true}, "Correlation threshold used": 0.8, "P-Value threshold used": 0.01, "Exact Matches": "0.0%", "Final Correlation": true}, "num_1 x CC_1_num_1": {"Correlation Type": "numerical x categorical", "Jensen-Shannon Distance": {"jensen val1_2 x val1_1": 0.9929982619772626, "jensen val1_2 x val1_0": 0.9581764256258682, "jensen val1_2 x val1_3": 0.9805283754190949, "jensen val1_1 x val1_0": 0.9474890759069279, "jensen val1_1 x val1_3": 0.9851998562127596, "jensen val1_0 x val1_3": 0.982841358269058}, "Number of bins used": 200, "Jensen-Shannon Distance threshold used": 0.9, "Final Correlation": true}, "num_c1_num_1 x CC_1_num_1": {"Correlation Type": "numerical x categorical", "Jensen-Shannon Distance": {"jensen val1_2 x val1_1": 0.983292600101525, "jensen val1_2 x val1_0": 0.9523441810386128, "jensen val1_2 x val1_3": 0.9748764029233492, "jensen val1_1 x val1_0": 0.9390880399718561, "jensen val1_1 x val1_3": 0.9833127291637477, "jensen val1_0 x val1_3": 0.978520546597722}, "Number of bins used": 200, "Jensen-Shannon Distance threshold used": 0.9, "Final Correlation": true}}