{"0 x 7": {"Correlation Type": "numerical x numerical", "spearman": {"correlation": 0.9998797639866404, "p-value": 0.0, "correlated?": true}, "Correlation threshold used": 0.85, "P-Value threshold used": 0.05, "Exact Matches": "0.0%", "Final Correlation": true}, "0 x 11": {"Correlation Type": "numerical x categorical", "Model Metrics": {"precision": 0.9944055923327735, "recall": 0.9746623473977298, "f1": 0.9842121035811505, "auc": 0.9863140777882216, "accuracy": 0.9933333333333333}, "Metric threshold used": 0.9, "Metrics used": "['f1', 'auc']", "Final Correlation": true}, "1 x 8": {"Correlation Type": "numerical x numerical", "spearman": {"correlation": 0.999971113774568, "p-value": 0.0, "correlated?": true}, "Correlation threshold used": 0.85, "P-Value threshold used": 0.05, "Exact Matches": "0.0%", "Final Correlation": true}, "1 x 10": {"Correlation Type": "numerical x categorical", "Model Metrics": {"precision": 0.9596968459100812, "recall": 0.9578133202099738, "f1": 0.9587458720419386, "auc": 0.9693050228399115, "accuracy": 0.9655555555555555}, "Metric threshold used": 0.9, "Metrics used": "['f1', 'auc']", "Final Correlation": true}, "1 x 12": {"Correlation Type": "numerical x categorical", "Model Metrics": {"precision": 0.9701560091572367, "recall": 0.9782583164394643, "f1": 0.974086866701629, "auc": 0.9868969835432516, "accuracy": 0.9833333333333333}, "Metric threshold used": 0.9, "Metrics used": "['f1', 'auc']", "Final Correlation": true}, "7 x 11": {"Correlation Type": "numerical x categorical", "Model Metrics": {"precision": 0.9620663073332032, "recall": 0.9715129221103733, "f1": 0.9666820314494032, "auc": 0.9838363928464661, "accuracy": 0.9866666666666667}, "Metric threshold used": 0.9, "Metrics used": "['f1', 'auc']", "Final Correlation": true}, "8 x 10": {"Correlation Type": "numerical x categorical", "Model Metrics": {"precision": 0.9481141167934065, "recall": 0.9457584208223971, "f1": 0.9468922063243909, "auc": 0.9589184509661778, "accuracy": 0.9522222222222222}, "Metric threshold used": 0.9, "Metrics used": "['f1', 'auc']", "Final Correlation": true}, "8 x 12": {"Correlation Type": "numerical x categorical", "Model Metrics": {"precision": 0.9738586129084371, "recall": 0.9745546036023798, "f1": 0.9741877170821521, "auc": 0.983848960533441, "accuracy": 0.9755555555555555}, "Metric threshold used": 0.9, "Metrics used": "['f1', 'auc']", "Final Correlation": true}, "9 x 11": {"Correlation Type": "categorical x categorical", "Cramer's V": {"correlation": 0.8796, "p-value": 0.0}, "Correlation threshold used": 0.85, "P-Value threshold used": 0.05, "Exact Matches": "96.0%", "Final Correlation": true}}